gene	rsid	pvalue	position	beta.exposure	se	samplesize.exposure	maf	beta_outcome_aligned	sebeta	eaf_outcome_aligned	effect_allele	other_allele	outcome_ref	outcome_alt	outcome_pval	frequency_note
NLRP3	rs10157379	0.0000000000000000000000000000000000000000000000000000000000000000000000000000000000000000000000000000000000000000000000000000000000000000000000000000000000000000000000000000000032048	247442297	-0.159481641155053	0.00561877560554307	31675	0.376903	0.017523	0.0233475	0.376903	C	T	C	T	0.452936	FinnGen EUR effect-allele frequency used as proxy for exposure MAF
NLRP3	rs10733112	0.000000000000000000000000000000000000000000000000000000000000000000000000000000000000000000000000000000000000000000000000000000000000000000000000000000000000000000000000000000000000044091	247450586	0.161657865168539	0.00561797752808989	31684	0.444928	-0.0080631	0.0228115	0.444928	T	C	C	T	0.723737	FinnGen EUR effect-allele frequency used as proxy for exposure MAF
NLRP3	rs10754559	0.00000000000000000000000000000000000000000000000000000000000000000000000000000000000000000000000000000000000000000000000000000000000000000000000000000000000000000000000000000000000000000000000000000001	247450019	0.176810753799228	0.00568861714522233	30902	0.433637	0.00324696	0.0228748	0.433637	T	C	T	C	0.887124	FinnGen EUR effect-allele frequency used as proxy for exposure MAF
NLRP3	rs10802502	0.00000000000000000000000000000000000000000000000000000000000000000000000000000000000000000000000000000000000000000000000000000000000000000000000000000000000000000000000000000000000000011224	247448993	0.162846810226233	0.00561895300228189	31673	0.415653	0.00198797	0.0229711	0.415653	C	T	C	T	0.931036	FinnGen EUR effect-allele frequency used as proxy for exposure MAF
NLRP3	rs10925027	0.00000000000000000000000000000000000000000000000000000000000000000000000000000000000000000000000000000000000000000000000000000000000000000000000000000000000000000000000000000000000000000000000000000001	247449260	0.189214625713224	0.00562909247459292	31559	0.388444	0.00588569	0.0232278	0.388444	T	C	T	C	0.799967	FinnGen EUR effect-allele frequency used as proxy for exposure MAF
NLRP3	rs11577509	0.00000000000000000000000000000000000000000000000000000000000000000000000000000000000000000000000000000000000000000000000000000000000000000000000000000000000000000000000000000000000000000000000022783	247448157	-0.166897588273021	0.00562641887163289	31589	0.139831	0.0459909	0.0327064	0.139831	A	G	G	A	0.159672	FinnGen EUR effect-allele frequency used as proxy for exposure MAF
NLRP3	rs12143966	0.00000000000000000000000000000000000000000000000000000000000000000000000000000000000000000000000000000000000000000000000000000000000000000000000000000000000000000000000000000000000000000000000000000001	247438055	0.187172461696527	0.00562846829300388	31566	0.390308	0.000638549	0.0231565	0.390308	A	G	G	A	0.978001	FinnGen EUR effect-allele frequency used as proxy for exposure MAF
NLRP3	rs12239046	0.0000000000000000000000000000000000000000000000000000000000000000000000000000000000000000000000000000000000000000000000000000000000000000000000000000000000000000000000000000000000031178	247438293	-0.161808240374324	0.00565233418944222	31300	0.37687	0.0177602	0.023344	0.37687	T	C	T	C	0.446774	FinnGen EUR effect-allele frequency used as proxy for exposure MAF
NLRP3	rs4925546	0.0000000000000000000000000000000000000000000000000000000000000000000000000000000000000000000000000000000000000000000000000000000000000000000000000000000000000000000000000000000017244	247439666	-0.159580898876405	0.00561797752808989	31684	0.376874	0.0176853	0.0233429	0.376874	A	G	A	G	0.448672	FinnGen EUR effect-allele frequency used as proxy for exposure MAF
NLRP3	rs4925659	0.00000000000000000000000000000000000000000000000000000000000000000000000000000000000000000000000000000000000000000000000000000000000000000000000000000000000000000000000000000000000000000000000000000001	247440161	0.18798202247191	0.00561797752808989	31684	0.390228	0.00188695	0.0231626	0.390228	A	G	G	A	0.935072	FinnGen EUR effect-allele frequency used as proxy for exposure MAF
NLRP3	rs4925663	0.00000000000000000000000000000000000000000000000000000000000000000000000000000000000000000000000000000000000000000000000000000000000000000000000000000000000000000000000000000000000000000000000000000001	247451315	0.17432064767695	0.00568310260247281	30962	0.43694	0.00396764	0.0228356	0.43694	T	C	C	T	0.862063	FinnGen EUR effect-allele frequency used as proxy for exposure MAF
NLRP3	rs55977159	0.0000000000000000000000000000000000000000000000000000000000000000000000000000000000000000000000000000000000000000000000000000000000000000000000000000000000000000000000000000011192	247446834	-0.158595863243008	0.00562855744908998	31565	0.135998	0.0403585	0.033067	0.135998	C	T	T	C	0.222273	FinnGen EUR effect-allele frequency used as proxy for exposure MAF
NLRP3	rs56188865	0.00000000000000000000000000000000000000000000000000000000000000000000000000000000000000000000000000000000000000000000000000000000000000000000000000000000000000000000000000000057493	247442974	-0.158748252614868	0.00562927085033485	31557	0.358947	0.0182157	0.023605	0.358947	C	T	T	C	0.440299	FinnGen EUR effect-allele frequency used as proxy for exposure MAF
NLRP3	rs56214009	0.0000000000000000000000000000000000000000000000000000000000000000000000000000000000000000000000000000000000000000000000000000000000000000000000000000000000000000000000000000013107	247446346	-0.1585612688227	0.00562846829300388	31566	0.13616	0.0421804	0.033043	0.13616	A	G	G	A	0.201769	FinnGen EUR effect-allele frequency used as proxy for exposure MAF
NLRP3	rs56383829	0.0000000000000000000000000000000000000000000000000000000000000000000000000000000000000000000000000000000000000000000000000000000000000000000000000000000000000000000000000000000000000014619	247447109	0.162320224719101	0.00561797752808989	31684	0.415466	0.00117521	0.0229631	0.415466	C	T	C	T	0.959184	FinnGen EUR effect-allele frequency used as proxy for exposure MAF
NLRP3	rs58546652	0.0000000000000000000000000000000000000000000000000000000000000000000000000000000000000000000000000000000000000000000000000000000000000000000000000000000000000000000000000000000012611	247438476	-0.159941369248145	0.00562846829300388	31566	0.376809	0.0177383	0.0233488	0.376809	C	T	C	T	0.447428	FinnGen EUR effect-allele frequency used as proxy for exposure MAF
TLR4	rs10491851	0.00000000000000000000000000000000000000000000000000000000000000000000000000000000000000000000000000000000000000000000000000000000000000000000000000000000000000000000000000000000000000000000000000000001	117682247	-0.405047091542568	0.005629360044565	31556	0.230906	0.00600183	0.026865	0.230906	A	C	C	A	0.823219	FinnGen EUR effect-allele frequency used as proxy for exposure MAF
TLR4	rs10759930	0.00000000000000000000000000000000000000000000000000000000000000000000000000000000000000000000000000000000000000000000000000000000000000000000000000000000000000000000000000000000000000000000000000000001	117699343	0.259516853932584	0.00561797752808989	31684	0.328647	-0.00120317	0.0240656	0.328647	T	C	C	T	0.960126	FinnGen EUR effect-allele frequency used as proxy for exposure MAF
TLR4	rs10759931	0.00000000000000000000000000000000000000000000000000000000000000000000000000000000000000000000000000000000000000000000000000000000000000000000000000000000000000000000000000000000000000000000000000000001	117701869	0.260174277880426	0.00562820085016355	31569	0.328671	-0.00135441	0.0240646	0.328671	A	G	G	A	0.955117	FinnGen EUR effect-allele frequency used as proxy for exposure MAF
TLR4	rs10983741	0.00000000000000000000000000000000000000000000000000000000000000000000000000000000000000000000000000000000000000000000000000000000000000000000000000000000000000000000000000000000000000000000000000000001	117665041	0.256955639852119	0.00562828999354101	31568	0.462339	-0.0145366	0.022749	0.537661	C	A	C	A	0.522823	FinnGen EUR effect-allele frequency used as proxy for exposure MAF
TLR4	rs11788318	0.00000000000000000000000000000000000000000000000000000000000000000000000000000000000000000000000000000000000000000000000000000000000000000000000000000000000000000000000000000000000000000000000000000001	117664230	0.256918493138162	0.00562828999354101	31568	0.461998	-0.014013	0.0227399	0.538002	G	A	G	A	0.537743	FinnGen EUR effect-allele frequency used as proxy for exposure MAF
TLR4	rs11789302	0.00000000000000000000000000000000000000000000000000000000000000000000000000000000000000000000000000000000000000000000000000000000000000000000000000000000000000000000000000000000000000000000000000000001	117697248	-0.410100847747371	0.00562828999354101	31568	0.229173	0.00544665	0.0269226	0.229173	G	T	T	G	0.839676	FinnGen EUR effect-allele frequency used as proxy for exposure MAF
TLR4	rs12236328	0.00000000000000000000000000000000000000000000000000000000000000000000000000000000000000000000000000000000000000000000000000000000000000000000000000000000000000000000000000000000000000000000000000000001	117655370	0.256746830293359	0.00562828999354101	31568	0.461966	-0.0140749	0.0227416	0.538034	A	G	A	G	0.535979	FinnGen EUR effect-allele frequency used as proxy for exposure MAF
TLR4	rs1329068	0.00000000000000000000000000000000000000000000000000000000000000000000000000000000000000000000000000000000000000000000000000000000000000000000000000000000000000000000000000000000000000000000000000000001	117661425	0.257537042208452	0.00562828999354101	31568	0.461977	-0.014102	0.0227405	0.538023	G	A	G	A	0.535174	FinnGen EUR effect-allele frequency used as proxy for exposure MAF
TLR4	rs13294726	0.00000000000000000000000000000000000000000000000000000000000000000000000000000000000000000000000000000000000000000000000000000000000000000000000000000000000000000000000000000000000000000000000000000001	117668219	0.257848993728305	0.00562837914115434	31567	0.463408	-0.0119355	0.0227334	0.536592	T	C	T	C	0.599567	FinnGen EUR effect-allele frequency used as proxy for exposure MAF
TLR4	rs13296664	0.00000000000000000000000000000000000000000000000000000000000000000000000000000000000000000000000000000000000000000000000000000000000000000000000000000000000000000000000000000000000000000000000000000001	117684418	-0.405885885166896	0.00562873577397317	31563	0.230927	0.00599116	0.0268607	0.230927	T	C	C	T	0.8235	FinnGen EUR effect-allele frequency used as proxy for exposure MAF
TLR4	rs2737191	0.00000000000000000000000000000000000000000000000000000000000000000000000000000000000000000000000000000000000000000000000000000000000000000000000000000000000000000000000000000000000000000000000000000001	117700437	-0.410231680487231	0.00562820085016355	31569	0.229959	0.00341375	0.0268829	0.229959	G	A	A	G	0.898952	FinnGen EUR effect-allele frequency used as proxy for exposure MAF
TLR4	rs2770146	0.00000000000000000000000000000000000000000000000000000000000000000000000000000000000000000000000000000000000000000000000000000000000000000000000000000000000000000000000000000000000000000000000000000001	117711060	-0.39678693981328	0.00562864660941296	31564	0.241301	0.0131443	0.0264507	0.241301	C	T	T	C	0.619236	FinnGen EUR effect-allele frequency used as proxy for exposure MAF
TLR4	rs2770150	0.00000000000000000000000000000000000000000000000000000000000000000000000000000000000000000000000000000000000000000000000000000000000000000000000000000000000000000000000000000000000000000000000000000001	117700861	-0.410309349658963	0.00562820085016355	31569	0.229992	0.00325365	0.0268829	0.229992	G	A	A	G	0.903667	FinnGen EUR effect-allele frequency used as proxy for exposure MAF
TLR4	rs5030728	0.00000000000000000000000000000000000000000000000000000000000000000000000000000000000000000000000000000000000000000000000000000000000000000000000000000000000000000000000000000000000000000000000000000001	117712004	-0.396475675655779	0.00562864660941296	31564	0.241299	0.0132581	0.0264507	0.241299	A	G	G	A	0.616205	FinnGen EUR effect-allele frequency used as proxy for exposure MAF
TLR4	rs7045301	0.00000000000000000000000000000000000000000000000000000000000000000000000000000000000000000000000000000000000000000000000000000000000000000000000000000000000000000000000000000000000000000000000000000001	117640955	-0.257770636501022	0.00562900329308047	31560	0.116624	0.0236396	0.0354126	0.116624	G	A	G	A	0.504423	FinnGen EUR effect-allele frequency used as proxy for exposure MAF
TLR4	rs913930	0.00000000000000000000000000000000000000000000000000000000000000000000000000000000000000000000000000000000000000000000000000000000000000000000000000000000000000000000000000000000000000000000000000000001	117721731	-0.330968602274208	0.00562820085016355	31569	0.383828	0.0108015	0.0233538	0.383828	G	A	G	A	0.643711	FinnGen EUR effect-allele frequency used as proxy for exposure MAF
TLR4	rs928052	0.00000000000000000000000000000000000000000000000000000000000000000000000000000000000000000000000000000000000000000000000000000000000000000000000000000000000000000000000000000000000000000000000000000001	117651934	0.256787353981312	0.00562828999354101	31568	0.467473	-0.0185903	0.0227296	0.532527	G	A	G	A	0.41342	FinnGen EUR effect-allele frequency used as proxy for exposure MAF
STAT3	rs1053004	0.00000000000000000000000000000000000000000000000000000000000000010861	42314074	-0.0968426740315189	0.00570219591080225	30755	0.395741	0.0425632	0.0231634	0.395741	G	A	G	A	0.0661333	FinnGen EUR effect-allele frequency used as proxy for exposure MAF
STAT3	rs12942547	0.0000000000000000000000000000000000000000000000000000000000079256	42375526	-0.0919705237156693	0.00563776328000278	31462	0.419309	0.0567604	0.0228939	0.419309	G	A	A	G	0.013165	FinnGen EUR effect-allele frequency used as proxy for exposure MAF
STAT3	rs12942611	0.000000000000000000000000000000000000000000000000000000000022778	42383166	-0.0917785962814204	0.0056483654865571	31344	0.381433	0.0513873	0.0232765	0.381433	A	C	C	A	0.0272659	FinnGen EUR effect-allele frequency used as proxy for exposure MAF
STAT3	rs12949918	0.00000000000000000000000000000000000000000000000000000000000046105	42374255	-0.0929334784077348	0.00563704664554202	31470	0.419351	0.0569973	0.0228915	0.419351	C	T	T	C	0.0127782	FinnGen EUR effect-allele frequency used as proxy for exposure MAF
STAT3	rs17885629	0.000000000000000000000000000000000000000000000000000000000000070626	42373080	-0.0935758481504915	0.00563740492861007	31466	0.419647	0.0571339	0.0228884	0.419647	G	A	A	G	0.0125531	FinnGen EUR effect-allele frequency used as proxy for exposure MAF
STAT3	rs17886724	0.000000000000000000000000000000000000000000000000000000000087321	42344145	-0.0912954580479324	0.00564737461635113	31355	0.381498	0.0519652	0.0232751	0.381498	G	A	A	G	0.0255723	FinnGen EUR effect-allele frequency used as proxy for exposure MAF
STAT3	rs35840966	0.000000000000000000000000000000000000000000000000000000000072805	42369186	-0.0913630794903091	0.00564764480196258	31352	0.381282	0.0521823	0.023278	0.381282	T	C	C	T	0.024981	FinnGen EUR effect-allele frequency used as proxy for exposure MAF
STAT3	rs3816769	0.000000000000000000000000000000000000000000000000000000000017487	42346255	-0.0916865636897409	0.00563704664554202	31470	0.381564	0.0528279	0.0232742	0.381564	C	T	T	C	0.0232199	FinnGen EUR effect-allele frequency used as proxy for exposure MAF
STAT3	rs62075772	0.000000000000000000000000000000000000000000000000000000000041755	42352232	-0.0915553335991517	0.00564755473578334	31353	0.381581	0.052087	0.0232819	0.381581	G	A	A	G	0.0252709	FinnGen EUR effect-allele frequency used as proxy for exposure MAF
STAT3	rs6503694	0.00000000000000000000000000000000000000000000000000000000000000022352	42299345	-0.0965256054822563	0.00569775134184855	30803	0.449111	0.0445835	0.0227942	0.449111	C	T	T	C	0.0504754	FinnGen EUR effect-allele frequency used as proxy for exposure MAF
STAT3	rs7217655	0.000000000000000000000000000000000000000000000000000000000027881	42344006	-0.0915242167463493	0.00563704664554202	31470	0.381498	0.0519652	0.0232751	0.381498	T	C	C	T	0.0255723	FinnGen EUR effect-allele frequency used as proxy for exposure MAF
STAT3	rs7219739	0.0000000000000000000000000000000000000000000000000000000000056552	42379743	-0.0920764191389637	0.00563713620990478	31469	0.381303	0.0520558	0.0232784	0.381303	T	G	G	T	0.0253367	FinnGen EUR effect-allele frequency used as proxy for exposure MAF
STAT3	rs744166	0.000000000000000000000000000000000000000000000000000000000069118	42362183	-0.0917718563084941	0.00567175651608381	31086	0.419289	0.0566428	0.0228926	0.419289	G	A	A	G	0.01335	FinnGen EUR effect-allele frequency used as proxy for exposure MAF
STAT3	rs8068748	0.000000000000000000000000000000000000000000000000000000000060891	42380683	-0.0912562158204226	0.00563713620990478	31469	0.381489	0.0516606	0.023275	0.381489	C	T	T	C	0.0264478	FinnGen EUR effect-allele frequency used as proxy for exposure MAF
STAT3	rs8071537	0.000000000000000000000000000000000000000000000000000000000015345	42378877	-0.091899727131882	0.00564737461635113	31355	0.381303	0.0520631	0.0232782	0.381303	T	G	G	T	0.0253145	FinnGen EUR effect-allele frequency used as proxy for exposure MAF
STAT3	rs8076051	0.000000000000000000000000000000000000000000000000000000000089618	42353116	-0.091293375119222	0.00564773487245104	31351	0.381383	0.0520905	0.0232805	0.381383	G	A	A	G	0.0252522	FinnGen EUR effect-allele frequency used as proxy for exposure MAF
STAT3	rs957970	0.000000000000000000000000000000000000000000000000000000000019539	42367872	-0.0916500167074516	0.00563722577853682	31468	0.381338	0.052476	0.023277	0.381338	G	A	A	G	0.0241702	FinnGen EUR effect-allele frequency used as proxy for exposure MAF
STAT3	rs9891119	0.000000000000000000000000000000000000000000000000000000000023304	42355962	-0.0915867879641148	0.00563704664554202	31470	0.381303	0.0521588	0.023278	0.381303	C	A	A	C	0.0250461	FinnGen EUR effect-allele frequency used as proxy for exposure MAF
STAT3	rs9895297	0.00000000000000000000000000000000000000000000000000000000010105	42260147	-0.0915581767368107	0.00566674568683803	31141	0.449366	0.0389452	0.0227565	0.449366	T	G	G	T	0.0870102	FinnGen EUR effect-allele frequency used as proxy for exposure MAF
STAT3	rs9908237	0.00000000000000000000000000000000000000000000000000000000000000041755	42303672	-0.0971068311052692	0.00574447073574154	30304	0.448799	0.0445608	0.0227862	0.448799	T	C	C	T	0.0505115	FinnGen EUR effect-allele frequency used as proxy for exposure MAF
HMOX1	rs133414	0.000000000000000000000000000000000000000000000000000000000000000000000000014136	35409727	-0.103180922665505	0.00564737461635113	31355	0.0390644	-0.0105329	0.05835	0.0390644	T	C	C	T	0.85675	FinnGen EUR effect-allele frequency used as proxy for exposure MAF
HMOX1	rs133415	0.00000000000000000000000000000000000000000000000000000000000000000000000000000000000000000000000000000000000000000000000000000000000000000000000000000000000000000000000000000000000000000000000000000001	35410245	-0.174544889317425	0.00561806618656919	31683	0.186351	-0.0300754	0.0289468	0.186351	T	G	G	T	0.29881	FinnGen EUR effect-allele frequency used as proxy for exposure MAF
HMOX1	rs133417	0.000000000000000000000000000000000000000000000000000000000000000000000000010052	35410822	-0.103286528570831	0.00564737461635113	31355	0.0392623	-0.00378107	0.0581802	0.0392623	C	T	T	C	0.948183	FinnGen EUR effect-allele frequency used as proxy for exposure MAF
HMOX1	rs133428	0.00000000000000000000000000000000000000000000000000000000000000000000000000000000035338	35420161	-0.116251677924308	0.00605404966719131	27284	0.44653	-0.0294292	0.0228139	0.44653	G	A	A	G	0.197062	FinnGen EUR effect-allele frequency used as proxy for exposure MAF
HMOX1	rs133431	0.00000000000000000000000000000000000000000000000000000000000000000000000000000000014447	35421604	-0.116287167304715	0.00604133117757732	27399	0.446601	-0.0297214	0.0228089	0.446601	A	C	C	A	0.192553	FinnGen EUR effect-allele frequency used as proxy for exposure MAF
HMOX1	rs2071740	0.000000000000000000000000000000000000000000000000000000000000000000000000000000000000000000000000000000000000000000035439	35418222	-0.128951649418692	0.00562820085016355	31569	0.150334	-0.0382865	0.0315459	0.150334	G	A	A	G	0.224871	FinnGen EUR effect-allele frequency used as proxy for exposure MAF
HMOX1	rs2071743	0.0000000000000000000000000000000000000000000000000000000000000000000000000000000000000000000000000000000000000000000014709	35421264	-0.129493258426966	0.00561797752808989	31684	0.147098	-0.0333528	0.0318311	0.147098	A	G	G	A	0.294728	FinnGen EUR effect-allele frequency used as proxy for exposure MAF
HMOX1	rs2307344	0.00000000000000000000000000000000000000000000000000000000000000000000000000000000000028309	35412715	-0.109939325842697	0.00561797752808989	31684	0.0863892	-0.0632282	0.0402291	0.0863892	T	C	C	T	0.116019	FinnGen EUR effect-allele frequency used as proxy for exposure MAF
HMOX1	rs28448736	0.000000000000000000000000000000000000000000000000000000000000000000000000000000000000000000000029217	35457465	-0.13549698321867	0.00654321920121066	23357	0.150649	-0.0499934	0.0319934	0.150649	T	G	G	T	0.118142	FinnGen EUR effect-allele frequency used as proxy for exposure MAF
HMOX1	rs28796091	0.00000000000000000000000000000000000000000000000000000000000000000000047479	35466662	-0.12582625401189	0.00711172081365812	19772	0.285707	-0.0374139	0.0254636	0.285707	G	T	T	G	0.141749	FinnGen EUR effect-allele frequency used as proxy for exposure MAF
HMOX1	rs4645771	0.00000000000000000000000000000000000000000000000000000000000000000000000000000000000000000000000000000000000000000000000000000000000000000000000000000000000000000000000000000000000000000000000000000001	35408759	-0.172852808988764	0.00561797752808989	31684	0.174928	-0.0224132	0.029679	0.174928	G	A	A	G	0.450136	FinnGen EUR effect-allele frequency used as proxy for exposure MAF
HMOX1	rs4645772	0.000000000000000000000000000000000000000000000000000000000000000000000042695	35408943	-0.100867669049161	0.00565775956345344	31240	0.0390123	0.00263172	0.0583842	0.0390123	C	A	A	C	0.964047	FinnGen EUR effect-allele frequency used as proxy for exposure MAF
HMOX1	rs4645788	0.0000000000000000000000000000000000000000000000000000000000000000000000000000000000038288	35414548	-0.109389711723779	0.00562820085016355	31569	0.0871915	-0.0596922	0.0400619	0.0871915	T	C	C	T	0.136225	FinnGen EUR effect-allele frequency used as proxy for exposure MAF
HMOX1	rs4645827	0.000000000000000000000000000000000000000000000000000000000000000000000000000000000000000000000000000000000000000000001721	35424596	-0.129457660943732	0.00561806618656919	31683	0.147387	-0.033695	0.0318234	0.147387	C	A	A	C	0.289685	FinnGen EUR effect-allele frequency used as proxy for exposure MAF
HMOX1	rs55790153	0.000000000000000000000000000000000000000000000000000000000000000000000000000000000000000000000000000000046642	35455045	-0.141995431435123	0.00655501689287386	23273	0.14751	-0.0464838	0.032219	0.14751	T	C	C	T	0.149092	FinnGen EUR effect-allele frequency used as proxy for exposure MAF
HMOX1	rs67259090	0.0000000000000000000000000000000000000000000000000000000000000000000000000000000000000000000018416	35461067	-0.134210273121477	0.00654448019356315	23348	0.150453	-0.0506523	0.0320615	0.150453	A	G	G	A	0.114142	FinnGen EUR effect-allele frequency used as proxy for exposure MAF
